<meta>
    <info author="Eh us guri Team" type ="resource" name ="teste" description = "Servidor de teste"/>
    <script src = "src/Main.lua" type="server"/>
    <script src = "src/utils/PlayerUtils.lua" type="server"/>
    <script src = "src/db/DB.lua" type="server"/>
    <settings>
        <setting name="@dbHost" value = "localhost"/>
        <setting name="@dbUser" value = "root"/>
        <setting name="@dbPassword" value = "batata123"/>
        <setting name="@dbName" value = "mta"/>
    </settings>
    <oop>true</oop>
</meta>